name,url,group,stars,forks,open_issues,language,archived,created_at,pushed_at,description,fetch_status,commit,feature_file_count,has_workflows
Tallyb/cucumber-playwright,https://github.com/Tallyb/cucumber-playwright,nodejs,437,110,19,TypeScript,False,2021-02-03T11:48:26Z,2026-07-03T17:57:34Z,,cache,e2b38e1200b1882de06ada9f15816bb9ddb04cc4,2,True
ortoniKC/Playwright_Cucumber_TS,https://github.com/ortoniKC/Playwright_Cucumber_TS,nodejs,126,77,8,TypeScript,False,2023-03-22T08:18:40Z,2024-06-11T04:57:06Z,"Playwright + Cucumber BDD + Typescript, simple & easiest way to learn and implement",cache,480dbfc5dbaafb612f8319507fc80e4af1738778,3,True
marcoturi/react-redux-boilerplate,https://github.com/marcoturi/react-redux-boilerplate,nodejs,103,16,9,TypeScript,False,2024-01-16T00:52:27Z,2026-05-29T19:36:38Z,"A meticulously crafted, extensible, and robust architecture for constructing production-grade React 19 applications 🚀",cache,c0bf7ad612e5f34b44edd550c73c7c0a887cfbc6,2,True
underc0delabs/Autoc0de-Hybrid,https://github.com/underc0delabs/Autoc0de-Hybrid,java,50,5,1,Java,False,2024-07-26T18:25:32Z,2024-07-30T14:13:04Z,"Hybrid framework that allows Frontend and API testing to be carried out, sequentially or parallel, therefore, allowing cross validation. Use Playwright, TestNG, Cucumber and RestAssured",cache,6d6b2172cba85bcb9a8547b801ba1d15acd7f8ac,2,True
akshayp7/playwright-java-cucumber,https://github.com/akshayp7/playwright-java-cucumber,java,46,25,0,Java,False,2023-03-24T04:05:07Z,2023-05-12T06:11:13Z,This is Boilerplate/Template for Playwright with Cucumber Java and JUnit for Assertions with Spark Extent reporting for HTML and PDF,200,f722d271eb159e1845a3c61627d667bcb1a9c292,6,False
VinayKumarBM/playwright-cucumber-sample,https://github.com/VinayKumarBM/playwright-cucumber-sample,nodejs,32,18,1,TypeScript,False,2022-11-08T16:15:41Z,2022-12-18T06:19:37Z,This is a sample test automation framework developed using Playwright with Cucumber,cache,1bee12ab6962fde34e1e63c3592e76bd02df29f9,5,True
serenity-js/serenity-js-cucumber-playwright-template,https://github.com/serenity-js/serenity-js-cucumber-playwright-template,nodejs,32,15,8,TypeScript,False,2022-07-14T07:54:21Z,2026-07-06T03:37:39Z,"Test your web apps with Serenity/JS, Playwright and Cucumber.js",cache,6bf643ce7a70ec20756b3406282ee9f17b5b3ecd,1,True
PrinceSoni83/playwright-cucumber-js-e2e-boilerplate,https://github.com/PrinceSoni83/playwright-cucumber-js-e2e-boilerplate,nodejs,30,17,0,JavaScript,False,2021-01-30T22:26:54Z,2024-03-11T13:23:18Z,"E2E Test Automation Framework with Playwright, Page Objects and Cucumber-JS BDD",cache,12f7ca73d6148d5489c3dfa791d038500cf57b28,2,True
qaPaschalE/playwright-cucumber-ts-steps,https://github.com/qaPaschalE/playwright-cucumber-ts-steps,nodejs,30,1,0,TypeScript,False,2025-06-19T17:16:20Z,2026-03-05T19:28:10Z,,cache,2e0c0da42e51fa4388f0d783bc8cab393bb83112,3,True
adamcegielka/playwright-cucumber-bdd-typescript,https://github.com/adamcegielka/playwright-cucumber-bdd-typescript,nodejs,24,8,5,TypeScript,False,2023-08-24T11:26:00Z,2024-04-13T09:09:23Z,Improving skills in automated testing using Cucumber and BDD.,cache,c00900d4497c2b12ff2cc38790a121dc02485492,2,True
ghoshasish99/Playwright-Java-Cucumber,https://github.com/ghoshasish99/Playwright-Java-Cucumber,java,16,7,0,Java,False,2021-01-21T18:52:50Z,2024-07-03T21:04:54Z,Playwright-Java-Cucumber,cache,bcdb6eda4e9475bde0a6c13119d3ec67bfc271aa,2,True
underc0delabs/Autoc0de-Web-Playwrigth,https://github.com/underc0delabs/Autoc0de-Web-Playwrigth,java,14,3,0,Java,False,2023-05-16T18:30:12Z,2024-04-01T22:36:51Z,"The future of web automation is Playwright, and in this web automation framework we demonstrate it using tools like Cucumber, Extent Report and Java integrating this Microsoft technology.",cache,4ec3b56717b8a3e83676ff1c0984bc7a9113e5f4,1,True
hdorgeval/playwright-fluent-ts-cucumber7-starter,https://github.com/hdorgeval/playwright-fluent-ts-cucumber7-starter,nodejs,9,4,0,TypeScript,False,2021-01-22T16:19:54Z,2021-01-25T13:41:10Z,Starter project for e2e tests with playwright-fluent and cucumber-js,200,4ab184ffa733d21fbe92c98c88c2e0456fe1581d,1,False
rsksmart/e2e_dapps_automation,https://github.com/rsksmart/e2e_dapps_automation,nodejs,9,5,3,JavaScript,False,2023-12-19T07:03:13Z,2024-11-06T15:44:58Z,E2E Browser Automation for web3 dApps using Cucumber+Playwright+Synpress in JavaScript,cache,5ccc62d821884531166b4d28a51eb19605e6df86,1,True
zbcjackson/cucumber-ai,https://github.com/zbcjackson/cucumber-ai,nodejs,8,0,1,TypeScript,False,2025-07-16T13:55:24Z,2026-01-01T18:24:09Z,Write automated test using natural language,cache,741d4294d55f2befe78cab1e34d08d2d2abd081f,1,True
susnigdha1/PlaywrightTestAutomationFramework,https://github.com/susnigdha1/PlaywrightTestAutomationFramework,java,8,6,0,Java,False,2023-07-14T18:14:53Z,2023-08-31T23:01:30Z,"It is a Test Automation framework for Playwright, created using SpringBoot, Cucumber, Junit5 and Java",200,b46e8cd8c2b13aab78fb0b61e86a027d4809c580,3,False
AZANIR/Playwright_Cucumber_Allure,https://github.com/AZANIR/Playwright_Cucumber_Allure,nodejs,7,3,0,TypeScript,False,2023-09-18T08:00:15Z,2023-09-18T09:46:54Z,Playwright with Cucumber and Allure report,cache,fb115920667285a567cc7ecad3bdc4a067cd4e6b,2,True
JoanEsquivel/playwright-cucumber-starter,https://github.com/JoanEsquivel/playwright-cucumber-starter,nodejs,7,7,0,TypeScript,False,2025-02-02T22:05:13Z,2025-02-03T00:37:05Z,Playwright + Cucumber project for teaching how to set it up,cache,4899242edffe82338f2192f2b3068e9a6e4bbaee,1,True
RashmiSandamini/Group_18_Cucumber_PW,https://github.com/RashmiSandamini/Group_18_Cucumber_PW,nodejs,7,1,0,TypeScript,False,2024-12-16T12:14:45Z,2025-07-17T14:28:36Z,,cache,1d9c9f951c66a47211e208ff6df1f67a3ee79239,17,True
raptatinha/blog-playwright-bdd,https://github.com/raptatinha/blog-playwright-bdd,nodejs,7,3,0,TypeScript,False,2023-05-18T02:15:40Z,2023-05-19T02:57:08Z,Playwright and bdd,200,8a6bc06684fbe2ee4c1b637ec1d0f6c49dcecbc9,1,False
javicoin/cucumber-playwright-synpress,https://github.com/javicoin/cucumber-playwright-synpress,nodejs,6,1,0,JavaScript,False,2023-10-18T13:04:30Z,2023-11-14T13:09:13Z,E2E Browser Automation for web3 dApps using Cucumber+Playwright+Synpress in JavaScript,cache,f2a6e311f377200ff64bed20c508bb1b8a0a50aa,1,True
vijayravindran90/playwright-cucumber-bdd,https://github.com/vijayravindran90/playwright-cucumber-bdd,nodejs,6,4,0,TypeScript,False,2023-03-04T17:35:48Z,2023-03-05T17:18:51Z,Starter repository for Playwright test using Cucumber BDD Framework,cache,2206c31034232aae488b932ba2dddf6fe0e2b17a,1,True
underc0delabs/Autoc0de-Web-Playwrigth-TestNG,https://github.com/underc0delabs/Autoc0de-Web-Playwrigth-TestNG,java,6,1,0,Java,False,2024-07-26T15:32:54Z,2024-07-30T14:13:33Z,"The future of web automation is Playwright, and in this web automation framework we demonstrate it using tools like Cucumber, Extent Report and Java integrating this Microsoft technology. In this case, we use TestNG like runner.",cache,fd774352edf75cf92ddb456bcf690a9aa465593e,1,True
cepnif/playwright-test-automation,https://github.com/cepnif/playwright-test-automation,java,5,0,0,Java,False,2025-02-24T20:22:49Z,2025-02-26T08:30:20Z,"A modular framework for API & UI testing using Java, Maven, Playwright, RestAssured, Cucumber BDD & TestNG. Supports parallel execution, cross-browser testing, centralized dependency management, detailed logging (Log4j2), and Cucumber HTML reporting.",200,5108e07aad14e0bff14b6736896b0bd3cbbddb35,6,False
Vishnupv160/playwright_Javascript_v1.0,https://github.com/Vishnupv160/playwright_Javascript_v1.0,nodejs,4,1,0,JavaScript,False,2023-10-17T04:45:23Z,2023-11-15T06:08:10Z,"The automation framework is based on @playwright/test, cucumber/cucumber, JSON Path, and node-xlsx. The framework is built using JavaScript programming language.",200,274f52f202cd5379eccf24b2d73a7c6eb086fc61,1,False
ISanjeevKumar/playwright-cucumber,https://github.com/ISanjeevKumar/playwright-cucumber,nodejs,3,2,0,TypeScript,False,2022-10-05T14:21:08Z,2022-10-11T07:15:15Z,Playwright Cucumber tests with Page object model design pattern,cache,bc1e8f7d7a29b3e0102ae2a8e9365537a47b0885,1,True
allure-cucumber-templates/cucumber-playwright-ts-allure,https://github.com/allure-cucumber-templates/cucumber-playwright-ts-allure,nodejs,3,2,3,TypeScript,False,2022-12-13T09:31:16Z,2026-07-03T06:08:20Z,cucumber playwright ts allure,cache,41b31d21ac3b487a1ca4567bf48b5342046cb107,13,True
alvitazwar/BDD-with-PlaywrightJs,https://github.com/alvitazwar/BDD-with-PlaywrightJs,nodejs,3,1,0,JavaScript,False,2023-11-27T10:27:00Z,2023-11-27T11:01:33Z,This is a generic Playwright framework to write scripts with Cucumber in BDD approach,200,61d522c0c92512e520b35061a80dc40d7b157188,1,False
automationExamples/Playwright-Cucumber-Exercise,https://github.com/automationExamples/Playwright-Cucumber-Exercise,nodejs,3,232,237,TypeScript,False,2023-12-18T20:31:35Z,2025-10-04T20:06:57Z,,cache,b56632355d3c2f05b537ee3e048c6da914729c5f,3,True
jdsmdev/cucumber-playwright,https://github.com/jdsmdev/cucumber-playwright,nodejs,3,0,0,TypeScript,False,2022-12-12T13:03:15Z,2023-01-03T10:41:15Z,,200,b9a29fc31b0f0afb9b731d31878d6293fc6c2b1d,1,False
mikementor/playwright-fluent-ts-cucumber7-starter,https://github.com/mikementor/playwright-fluent-ts-cucumber7-starter,nodejs,3,0,0,TypeScript,False,2021-06-28T10:21:05Z,2021-06-29T07:19:28Z,,cache,ab2f2f05a8eac0ff0da0583aa057b8ef52dad2bd,1,True
ptech/cucumber-playwright-workshop,https://github.com/ptech/cucumber-playwright-workshop,nodejs,3,3,0,TypeScript,False,2023-11-20T14:04:58Z,2025-07-07T12:45:22Z,Test Automation with Cucumber and Playwright Workshop,200,254b0fc24b86f5e9607bf9dc0d33623ec1540b43,5,False
shrinidhimanchi/cucumber-playwright-automation,https://github.com/shrinidhimanchi/cucumber-playwright-automation,nodejs,3,2,2,JavaScript,False,2022-12-16T08:42:26Z,2023-11-11T06:19:35Z,UI Automation using Playwright & Cucumber,200,b13f81684da0293511e72882bd92c1f3d13a96e1,1,False
testerncoder/e2e-automation-playwright-typescript-cucumber,https://github.com/testerncoder/e2e-automation-playwright-typescript-cucumber,nodejs,3,1,0,TypeScript,False,2022-01-31T09:05:58Z,2022-02-01T02:07:53Z,E2E Automation Using Playwright + Typescript + Cucumber,200,9e04f8f6dc96c57a91f10b0f2d600e92d4c0f87d,1,False
Test-Architect/playwright-java-bdd-sample,https://github.com/Test-Architect/playwright-java-bdd-sample,java,3,1,0,Java,False,2025-07-05T00:15:28Z,2025-07-05T01:03:52Z,"A scalable, CI/CD-friendly Playwright + Cucumber test framework in Java. Designed to give you end-to-end (UI & API) coverage with minimal boilerplate.",200,c449521d5e9acbe4651238ab4346e05888568620,2,False
neiltorrentira/PlaywrightJavaBDDMaven,https://github.com/neiltorrentira/PlaywrightJavaBDDMaven,java,3,1,0,Java,False,2023-02-26T03:08:31Z,2023-02-26T13:02:17Z,Playwright Java Cucumber/BDD Maven Parameterization,200,cb6de9b45a8c1149b3208cb168eb4ef202250e71,2,False
Furkan9528/Tripadvisor-Testinium,https://github.com/Furkan9528/Tripadvisor-Testinium,nodejs,2,0,0,TypeScript,False,2025-04-22T08:54:34Z,2025-07-17T12:32:57Z,"TypeScript, Playwright, TripAdvisor, Cucumber(BDD)",200,d7bf82b416c39d5b77a14b020c2b0345765fe8fc,1,False
HEEPOKE/playwright-cucumber,https://github.com/HEEPOKE/playwright-cucumber,nodejs,2,0,0,TypeScript,False,2023-08-21T09:54:45Z,2024-04-01T02:59:33Z,,cache,18940a304bc687e1dd70ae9a8e2c82cbfc9a18e7,2,True
Max1irst/Playwright-cucumber-TS,https://github.com/Max1irst/Playwright-cucumber-TS,nodejs,2,0,0,TypeScript,False,2023-11-09T15:53:32Z,2023-12-12T14:09:42Z,Automation tests for sweet-shop-app-react,200,c8cd7dbda69ae703f187fddc48082eeaecb72bdd,4,False
PunnNopdanai7/cucumber-playwright-workshop,https://github.com/PunnNopdanai7/cucumber-playwright-workshop,nodejs,2,0,0,TypeScript,False,2025-03-11T12:32:15Z,2025-03-16T10:32:01Z,,200,74eb18e5f7377fac015e00b9fbb7effc4424b0b1,3,False
VigneshSrinivasaRaghavan/TestTribe_Playwright_Cucumber_Workshop_Mar2025,https://github.com/VigneshSrinivasaRaghavan/TestTribe_Playwright_Cucumber_Workshop_Mar2025,nodejs,2,1,0,TypeScript,False,2025-03-07T18:06:01Z,2025-03-29T15:05:38Z,This project created as part of Playwright TS workshop took as part of TestTribe for March 2025 Batch,200,cbe2aecaf03b26ab1e3ba1227f90b63af0352195,2,False
Zstefanov/AE-Automation-TS-Playwright,https://github.com/Zstefanov/AE-Automation-TS-Playwright,nodejs,2,0,0,TypeScript,False,2025-06-19T21:13:25Z,2025-07-26T17:14:50Z,PW/TS/Cucumber Automation Project.,cache,b74f2d4b44cf013e021ef273a05cfe3d52b68472,25,True
abdelnaby1/fwd_project,https://github.com/abdelnaby1/fwd_project,nodejs,2,1,0,TypeScript,False,2022-12-30T17:56:01Z,2023-01-02T21:01:47Z,"test automation project using playwright, cucumber and typescript",200,a86d29e336890acd63925c78624418117d84dbd6,8,False
ahxansubhani/playwright-automation-framwork-BDD,https://github.com/ahxansubhani/playwright-automation-framwork-BDD,nodejs,2,0,0,TypeScript,False,2024-02-28T14:42:48Z,2024-06-26T13:09:50Z,Playwright -BDD Framework (Cucumber),cache,b24cabc47e29e473de503bc90fe43e297793f4cc,1,True
dakotaJang/cucumber-playwright-typescript-starter,https://github.com/dakotaJang/cucumber-playwright-typescript-starter,nodejs,2,1,0,TypeScript,False,2022-01-19T09:54:02Z,2022-01-19T09:54:33Z,,200,99c53e8bd4325c49457fea6258ab850a5ae0e82f,1,False
dntthuan064/playwright-bdd-project,https://github.com/dntthuan064/playwright-bdd-project,nodejs,2,0,5,TypeScript,False,2025-06-06T11:18:09Z,2025-10-28T16:15:50Z,# Playwright with Cucumber using Playwright-bdd,cache,8fd75353fa0cfaf0c508b791361541e4af29db70,1,True
feeroz123/ES_Playwright_Demo,https://github.com/feeroz123/ES_Playwright_Demo,nodejs,2,0,0,TypeScript,False,2025-07-01T08:24:04Z,2025-10-16T13:06:37Z,"This is a test automation framework built with Playwright, Cucumber, and TypeScript, supporting both local and BrowserStack execution.",200,d8363663fa002dc26e3fb4370616b19077a50db9,3,False
generalui/getting-started-with-bdd,https://github.com/generalui/getting-started-with-bdd,nodejs,2,0,0,TypeScript,False,2023-04-12T21:26:47Z,2023-04-12T21:27:21Z,A small project that contains the initial integration of Playwright and Cucumber IO into a NextJS project,cache,ab13d942ce6bb07e449fe75038aa41cf15b1ab0b,1,True
grandEL-dsouza/playwright-cucumber-test-for-browserstack,https://github.com/grandEL-dsouza/playwright-cucumber-test-for-browserstack,nodejs,2,0,1,JavaScript,False,2023-07-14T08:18:00Z,2023-07-28T10:52:40Z,This is a sample code written by GrandEL for running playwright test with cucumber and javascript on Browserstack. All one needs to do is clone this repository and add their credentials in the config file and code and simply run the test. ,200,ae84d25d17ce5444bc73c134c724810fc24f5d8c,1,False
ilya-skapchuk/cucumber-playwright-test-typescript,https://github.com/ilya-skapchuk/cucumber-playwright-test-typescript,nodejs,2,0,0,TypeScript,False,2023-03-04T20:57:29Z,2023-03-08T12:18:51Z,,cache,736ace56daa446bd4fc9a1179a22e473389bd63d,1,True
mvsaran/PlaywrightWithBDD,https://github.com/mvsaran/PlaywrightWithBDD,nodejs,2,0,0,JavaScript,False,2025-03-31T07:55:58Z,2025-03-31T07:59:49Z,This project integrates Playwright and Cucumber to enable behavior-driven development (BDD) for end-to-end testing. It uses Playwright for browser automation and Cucumber for writing test scenarios in a human-readable format.  Key Features: Playwright Integration: Automates browser interactions for testing web applications. ,200,6a329d35c0816a4c9d45973f944db63606ab00e6,1,False
patrickhuijten/writing-product-proof-e2e-tests-with-cucumber-and-playwright,https://github.com/patrickhuijten/writing-product-proof-e2e-tests-with-cucumber-and-playwright,nodejs,2,0,0,TypeScript,False,2024-06-09T12:54:57Z,2024-06-11T22:36:08Z,This repository contains the source for a lightning talk I gave at Advanced JS meetup (JS Nation pre-event) in Amsterdam on June 11 2024.,200,ec0c72973cb498a5b5ab334576ff9e9a4e44737f,1,False
the-imraaan/Cucumber_with_Playwright,https://github.com/the-imraaan/Cucumber_with_Playwright,nodejs,2,0,0,JavaScript,False,2023-12-01T17:20:09Z,2023-12-03T11:46:49Z,,cache,648a3e8cd13d55559f091302b03b777aec925a28,1,True
MichaelAlba131/java_playwright_api,https://github.com/MichaelAlba131/java_playwright_api,java,2,0,0,Java,False,2025-06-05T19:39:29Z,2025-06-05T20:31:48Z,"Este projeto tem como objetivo a automação de testes de APIs REST utilizando Playwright para Java, integrado ao Cucumber para a especificação dos cenários em BDD (Behavior Driven Development).",200,388b09fe5258815e8354d4956ef6914d62af81df,1,False
denizbabayaka/Playwright-Cucumber-Java,https://github.com/denizbabayaka/Playwright-Cucumber-Java,java,2,3,0,Java,False,2022-10-22T15:03:08Z,2022-10-26T21:57:43Z,,200,45d558541518451769a920da8db0d7f1e171ab0e,2,False
pempekriting/playwright-cucumber,https://github.com/pempekriting/playwright-cucumber,java,2,0,0,Java,False,2021-10-21T02:04:43Z,2023-03-24T09:10:28Z,Automation test with playwright and cucumber (Java),200,4cf8d7c7800f1e3858475bb65178aa6abc7bf3d1,1,False
taulinger/bdd-play,https://github.com/taulinger/bdd-play,java,2,0,0,Java,False,2021-02-06T15:25:55Z,2022-01-03T16:32:07Z,Cucumber-Playwright proof-of-concept,200,3773a4554583003c57005b301693fac45bb8312b,2,False
70RR3S/playwright-cucumber-api-e2e-tests,https://github.com/70RR3S/playwright-cucumber-api-e2e-tests,nodejs,1,2,0,TypeScript,False,2023-11-28T17:57:00Z,2023-11-29T23:27:28Z,"Automation project (api - e2e) built with Playwright and Cucumber following the good practices of the Page Object Model. Ready to use, just clone it.",200,03a4b8e814aa905f81ef333d6b072dbef0e9173a,3,False
ARAVINDMS444/web-automation-playwright-cucumber-typescript,https://github.com/ARAVINDMS444/web-automation-playwright-cucumber-typescript,nodejs,1,0,0,TypeScript,False,2025-07-15T04:42:16Z,2025-08-06T03:57:30Z,,cache,10b2cc3eba4d982eae7b4afe0c51d9beecf3e9c8,3,True
Automated-Test-Lab/playwright-typescript-cucumber,https://github.com/Automated-Test-Lab/playwright-typescript-cucumber,nodejs,1,0,0,TypeScript,False,2024-05-21T11:37:08Z,2024-08-11T22:04:26Z,This project aims to provide test automation artifacts in the e2e layer using the Playwright framework and the Type Script language,200,3db7225d9b3b3b96da7c757f61e2c5dd28e5db04,4,False
BrowserStackCE/playwright-cucumber-browserstack,https://github.com/BrowserStackCE/playwright-cucumber-browserstack,nodejs,1,0,7,JavaScript,False,2022-01-25T05:50:51Z,2026-06-19T13:24:53Z,,cache,70992d43fabe41df25d40941bfe8f8b103e11242,2,True
EugenePetrik/cucumber-playwright,https://github.com/EugenePetrik/cucumber-playwright,nodejs,1,0,0,TypeScript,False,2022-07-28T05:41:14Z,2022-08-23T05:21:30Z,,200,d281c986e907d992d6e8c5ca6e904617e15a6a99,31,False
FrankSantillan/ADT-Take-Home,https://github.com/FrankSantillan/ADT-Take-Home,nodejs,1,0,0,TypeScript,False,2025-07-03T21:39:52Z,2025-07-15T05:31:24Z,"This project demonstrates automated testing using Node.js, Cucumber.js, and TypeScript, following Behavior-Driven Development (BDD) principles.",cache,28e3c64c02239d34aa80bcaa5127642b62e76e82,1,True
JosefRichie13/CucumberJSPlaywright,https://github.com/JosefRichie13/CucumberJSPlaywright,nodejs,1,2,0,JavaScript,False,2023-08-03T08:24:50Z,2024-04-17T11:03:40Z,"This repo has the code which implements a Playwright Test framework using BDD (Cucumber.js) and JavaScript for the website, https://www.saucedemo.com/",200,3f335db3f79f0fd04a247a0b37dcc280b320f01c,5,False
LayMui/todoMVC-using-serenityjs-playwright-cucumber,https://github.com/LayMui/todoMVC-using-serenityjs-playwright-cucumber,nodejs,1,0,5,TypeScript,False,2025-03-10T04:24:24Z,2026-02-13T14:06:20Z,,cache,4e451f402348be002346cb3632514f3344bd9972,1,True
MahmudulHasan/EcommercePlaywright,https://github.com/MahmudulHasan/EcommercePlaywright,nodejs,1,0,0,TypeScript,False,2025-01-11T16:48:27Z,2025-02-20T07:30:12Z,"Create automated tests for ehttps://practicesoftwaretesting.com/ using playwright, typescript and cucumber.",200,284078604569ead81813bdd5f52e83807afe339c,3,False
MikeSkilbeck/playwright_cucumber_js,https://github.com/MikeSkilbeck/playwright_cucumber_js,nodejs,1,0,0,TypeScript,False,2022-10-06T22:31:39Z,2022-10-06T22:31:42Z,,cache,ee184d73e230422075fbaa0b51cb14498678a9e8,2,True
Myastr0/playwright-cucumber-template,https://github.com/Myastr0/playwright-cucumber-template,nodejs,1,0,0,TypeScript,False,2024-12-01T12:55:31Z,2024-12-02T10:58:31Z,Template to setup e2e tests using playwright and cucumber,cache,ebde00f2869469228bee0f43bafc7dea13dda824,1,True
Nilendra82/playwright-cucumber-ts-framework,https://github.com/Nilendra82/playwright-cucumber-ts-framework,nodejs,1,0,0,TypeScript,False,2024-04-03T06:48:56Z,2025-01-20T20:50:35Z,Playwright Cucumber TS,200,6d1be18beb00d26b89a358da0f5844254dd4f7f1,2,False
PriyankaPoojari/playwright-cucumber-ui-automation-starter,https://github.com/PriyankaPoojari/playwright-cucumber-ui-automation-starter,nodejs,1,0,0,TypeScript,False,2024-12-12T09:47:39Z,2025-04-04T06:04:20Z,"This repository is a Test automation framework developed using Microsoft Playwright with the Cucumber framework in TypeScript. It enables behavior-driven development (BDD) for web applications, leveraging Playwright's powerful browser automation capabilities. The framework supports generating HTML and JSON reports to track test.",200,e6775697a138a554b697d3334a7a72e5c9c6beb1,2,False
RogerRabbitMagnaCarta/playwrightv152-cucumber-ts,https://github.com/RogerRabbitMagnaCarta/playwrightv152-cucumber-ts,nodejs,1,0,0,TypeScript,False,2025-04-20T13:20:52Z,2025-04-20T13:22:15Z,playwright new version Apr 2025 v152,200,785dafd8798c96c1b35a44ed641e1a5c5d6166b8,1,False
TsayDev/JavaScript-Playwright-Cucumber,https://github.com/TsayDev/JavaScript-Playwright-Cucumber,nodejs,1,0,0,JavaScript,False,2023-03-25T18:14:19Z,2023-03-26T00:22:48Z,,200,f7ed984d02267c173b5a24313ae2282ad5adb64b,1,False
YevShch/Espresso-Addict-Playwright-Cucumber,https://github.com/YevShch/Espresso-Addict-Playwright-Cucumber,nodejs,1,0,0,JavaScript,False,2024-10-29T14:00:40Z,2026-04-17T19:39:19Z,"“Black-box” testing of the game ""Espresso addict"" with Playwrigth-Cucumber/BDD",cache,24c3160bd0719a66feadf4138d8a6e83caed974e,13,True
alexsavio/cucumber-playwright,https://github.com/alexsavio/cucumber-playwright,nodejs,1,0,0,TypeScript,False,2022-06-10T07:48:36Z,2022-06-10T07:48:38Z,,cache,245b069d613ecc6be58fe8321301ccfdb62f1826,2,True
alupandin/playwrightDemoCucumber,https://github.com/alupandin/playwrightDemoCucumber,nodejs,1,0,0,JavaScript,False,2023-11-28T01:36:32Z,2023-11-28T01:43:41Z,,200,d8b6b810a5d1bd8fea71c286cfc189294956bfba,1,False
amankshah/PlaywrightCucumberBoilerplate,https://github.com/amankshah/PlaywrightCucumberBoilerplate,nodejs,1,0,0,JavaScript,False,2025-05-05T21:40:57Z,2025-05-07T05:20:21Z,,cache,ebd4d814e49da892a3b5107901ecf085bf5c819c,1,True
asyabhi/Playwright-Cucumber,https://github.com/asyabhi/Playwright-Cucumber,nodejs,1,0,0,TypeScript,False,2024-01-21T12:14:08Z,2024-01-22T18:20:47Z,,200,a3cb7f78724079f261a9d7361e016c8bd8e7c1eb,3,False
athakur012/play-ts-cucumber,https://github.com/athakur012/play-ts-cucumber,nodejs,1,0,0,TypeScript,False,2024-07-02T21:10:39Z,2024-07-02T21:17:17Z,,cache,aab4870f7a39245d0533733024862bf4aed70d2a,1,True
carizam/Playwright-cucumber-swaglabs,https://github.com/carizam/Playwright-cucumber-swaglabs,nodejs,1,0,0,JavaScript,False,2024-06-21T02:53:34Z,2024-06-21T03:06:44Z,Automation Tesing UI,200,3420d643efc712efce3f0347cdece607bbf0827c,1,False
carlosvagnoni/typescript_playwright_cucumber,https://github.com/carlosvagnoni/typescript_playwright_cucumber,nodejs,1,1,0,TypeScript,False,2023-11-22T13:45:35Z,2023-12-22T11:35:44Z,,200,6351ac2d5f2bc76d3828850a42e1f0dce397ad08,3,False
cesar1414/playwright-frameworkUIOnly,https://github.com/cesar1414/playwright-frameworkUIOnly,nodejs,1,2,0,TypeScript,False,2025-07-17T04:44:42Z,2025-07-28T04:21:52Z,this framework is only with playwright-typeScript-Cucumber for UI testing,200,060551540fc0af60dfeeb1e0967a2047f9603a92,4,False
code-chimp/bdd-react-app,https://github.com/code-chimp/bdd-react-app,nodejs,1,0,0,TypeScript,False,2025-04-20T05:14:07Z,2025-06-07T16:40:20Z,A simple React 19 project demonstrating Behavior-Driven Development (BDD) using Cucumber.js and Playwright.,200,bbdf960d9703b3a1ed4cc748316466038bf43aeb,1,False
cosminCirstea/pw.ts.cuke,https://github.com/cosminCirstea/pw.ts.cuke,nodejs,1,0,0,TypeScript,False,2023-03-25T15:32:26Z,2023-03-27T16:09:15Z,Quick-start Playwright with TS and Cucumber,200,89aaf56430bb838ebfcef4e11a8f3005ea8dddd2,3,False
daihiep-citynow/playwright-cucumber,https://github.com/daihiep-citynow/playwright-cucumber,nodejs,1,0,0,JavaScript,False,2022-09-21T09:03:58Z,2022-09-28T10:17:02Z,,cache,5d58820204a031b5ee726cb08b3a17f81c4ae410,4,True
dajagtap4/playwright_Framework_With_CucumberBDD,https://github.com/dajagtap4/playwright_Framework_With_CucumberBDD,nodejs,1,0,0,JavaScript,False,2024-12-22T16:16:02Z,2025-01-23T06:40:10Z,,200,940ad1c29db1e2994f7d4e96aed231c56e4b0452,1,False
dannybarrientos/playwright-cucumber,https://github.com/dannybarrientos/playwright-cucumber,nodejs,1,0,10,TypeScript,False,2021-06-03T21:51:24Z,2023-01-25T16:06:00Z,,cache,f1a93e05ad9c5f780ca1e2c1178f0fa86f26ece1,1,True
dcodesdev/playwright-cucumber-tutorial,https://github.com/dcodesdev/playwright-cucumber-tutorial,nodejs,1,0,0,TypeScript,False,2024-03-24T18:09:26Z,2024-03-29T02:44:47Z,,cache,0e4bc115e27fb81e4c58aeaee68f3a5e7a7c570e,3,True
devdesk1/PlaywrightCucumber,https://github.com/devdesk1/PlaywrightCucumber,nodejs,1,0,0,TypeScript,False,2024-04-28T04:04:42Z,2024-06-03T13:29:39Z,,200,7fc58d4f6bb3b14d9fa5270df9c7233d0c13e8f4,2,False
douglaslb/playwright-cucumber,https://github.com/douglaslb/playwright-cucumber,nodejs,1,0,0,TypeScript,False,2022-03-24T23:25:02Z,2022-03-25T01:20:36Z,This is an e2e poc with Playwright and Cucumber,200,da32c98aa2a0b63e7642081cb4892be9838cf5ec,2,False
dsaurabhc/Playwright-Cucumber-Framework,https://github.com/dsaurabhc/Playwright-Cucumber-Framework,nodejs,1,0,0,TypeScript,False,2022-10-24T17:16:05Z,2025-07-20T06:38:05Z,,cache,efcaaa39a2e8ed633151da3dc1ebd8a9fe200ce0,1,True
dshaplyko/pw-cucumber,https://github.com/dshaplyko/pw-cucumber,nodejs,1,0,0,TypeScript,False,2023-04-02T12:22:27Z,2023-04-02T18:43:50Z,,200,6e751bd17d746aa6269d90bef716550d89070d30,1,False
elct9620/cucumber-playwright-example,https://github.com/elct9620/cucumber-playwright-example,nodejs,1,0,1,TypeScript,True,2023-01-06T13:15:05Z,2025-02-11T00:06:25Z,Use cucumber and playwright together for E2E testing,cache,24fb5df2ae120e216fa99cc5045074a0c450c028,1,True
eyupUK/playwright-cucumber-nft,https://github.com/eyupUK/playwright-cucumber-nft,nodejs,1,0,0,TypeScript,False,2025-09-17T16:58:25Z,2026-07-03T22:59:25Z,,cache,59faf144a8dbe7ecf84895df88dca3ea011cd40f,13,True
iepoch/serenity-playwright-cucumber,https://github.com/iepoch/serenity-playwright-cucumber,nodejs,1,0,0,JavaScript,False,2021-08-09T02:23:04Z,2021-08-09T03:02:50Z,serenity reporting with playwright and cucumber testing,200,577159ce9bf33e9b0e732308d389dcb26bede030,1,False
iwalk-jo/bdd_cucumber_playwright,https://github.com/iwalk-jo/bdd_cucumber_playwright,nodejs,1,3,0,TypeScript,False,2022-06-07T01:39:47Z,2022-07-03T15:16:15Z,bdd automation testing framework using cucumber-js and playwright,200,afc98e8dd9ff4e1bba10b3618ee2bcec78ddbb41,2,False
jamil2018/play-salad,https://github.com/jamil2018/play-salad,nodejs,1,1,0,TypeScript,False,2025-08-16T22:52:32Z,2025-10-11T10:06:44Z,"A test automation framework made with ts, cucumber and playwright. Features smart locator resolver, intelligent CLI, advanced task spawner and many more goodies. ",200,fcd5d0e85387fc65fcd93012c18bbf504ef84560,1,False
jijojose1691/playwright_cucumberjs_demo,https://github.com/jijojose1691/playwright_cucumberjs_demo,nodejs,1,0,0,JavaScript,False,2023-12-22T14:00:40Z,2025-04-24T08:22:25Z,Playwright with Cucumber JS,200,7e7680c86e8808fa1cafcbceb14224c85ae19fcc,1,False
jimmy-sr/playwright-cucumber-automation-framework,https://github.com/jimmy-sr/playwright-cucumber-automation-framework,nodejs,1,0,0,TypeScript,False,2025-06-28T10:11:28Z,2025-07-07T23:07:01Z,,200,50c979fdf76535a1256dec1217cb6f85e2209931,2,False
jmelton15/PlaywrightCucumber,https://github.com/jmelton15/PlaywrightCucumber,nodejs,1,1,0,JavaScript,False,2024-01-17T15:42:21Z,2024-06-27T01:58:48Z,,200,1508f4b205afa02d5bf1bcb6458a5e69b5ea39c6,2,False
jorahood/cucumber-playwright,https://github.com/jorahood/cucumber-playwright,nodejs,1,0,0,TypeScript,False,2021-12-14T16:20:10Z,2021-12-14T16:20:13Z,,cache,762f4bec2608a68c20ec704744f255a755abae1b,2,True
jtacopt/cucumber_playwright_ts,https://github.com/jtacopt/cucumber_playwright_ts,nodejs,1,0,0,TypeScript,False,2023-05-23T14:48:44Z,2023-11-13T23:53:52Z,,200,bda8ae2fbfefb0b1766373d15e1a594812a0a216,1,False
krishnapollu/playwright-cucumber-js,https://github.com/krishnapollu/playwright-cucumber-js,nodejs,1,0,0,JavaScript,False,2023-08-16T19:05:00Z,2023-08-18T05:15:43Z,A sample NodeJS suite which runs BDD tests using Playwright and CucumberJS,cache,66131ce2d1ee36db23e50aa86a97807589bc6ac6,2,True
lankala321/PlaywrightCucumberTypescript,https://github.com/lankala321/PlaywrightCucumberTypescript,nodejs,1,0,0,TypeScript,False,2024-12-22T18:36:19Z,2026-01-03T11:05:19Z,,200,cec54acfb36f8e5a25ad8b61cfd3a532749f1338,3,False
ludmilanesvitiy/Playwright-Cucumber-POC,https://github.com/ludmilanesvitiy/Playwright-Cucumber-POC,nodejs,1,0,0,TypeScript,False,2024-01-22T13:36:28Z,2024-01-22T14:59:10Z,Basic concept of using Playwright and Cucumber libs to web-automation,200,b4f719a3c2e686258fdab7151902271e75e3151c,3,False
mdbasheer333/cucumberpwjts,https://github.com/mdbasheer333/cucumberpwjts,nodejs,1,2,1,TypeScript,False,2024-01-21T11:39:25Z,2024-01-21T11:43:43Z,cucumber playwright typescript - basic framework,200,7ca2b39bfad58d54894c165bf4413202f7fa1f18,2,False
michu-ethnan/playwright-cucumber,https://github.com/michu-ethnan/playwright-cucumber,nodejs,1,0,0,TypeScript,True,2022-12-12T14:59:11Z,2022-12-12T15:05:35Z,,200,c58ffe14534714d1f265f9e20e1be309ca9fa413,5,False
mredzmi/playwright_cucumber,https://github.com/mredzmi/playwright_cucumber,nodejs,1,0,0,TypeScript,False,2023-09-10T12:49:47Z,2023-09-10T13:09:55Z,,cache,8c74466c044412542a887e72f4f33ab7357f5158,2,True
nguyenvanduong6/playwright-with-cucumber,https://github.com/nguyenvanduong6/playwright-with-cucumber,nodejs,1,0,0,TypeScript,False,2025-06-12T03:57:49Z,2025-06-12T03:58:03Z,This project use cucumber combined with playwright to create an automation test framework.,cache,68db69e9aea998fdc4eab036ec98a34d8d13fb99,1,True
panchalpiyush29/playwrightCucumberFrmwrk,https://github.com/panchalpiyush29/playwrightCucumberFrmwrk,nodejs,1,0,0,TypeScript,False,2024-03-07T21:53:35Z,2024-11-03T22:24:13Z,playwright framework with cucumber and typescript,cache,68cdf3a35828f850d443992efef0e512aca0d314,3,True
paul-chiggy/demo-e2e-testing-with-playwright-cucumber,https://github.com/paul-chiggy/demo-e2e-testing-with-playwright-cucumber,nodejs,1,0,0,TypeScript,False,2025-07-28T10:45:37Z,2025-07-31T12:26:38Z,Demo project for end-to-end testing with Playwright and Cucumber,cache,dbc64517901e5768d5e31ab807249d27f5b1ee06,5,True
qa-ali/playwright-cucumber,https://github.com/qa-ali/playwright-cucumber,nodejs,1,0,0,JavaScript,False,2024-10-08T11:25:51Z,2024-10-08T13:39:26Z,,cache,cd8141eaf643840958a9eddc4eb67d6dd562ce2c,1,True
ratnesh85/cucumber-playwright-typescript,https://github.com/ratnesh85/cucumber-playwright-typescript,nodejs,1,0,0,TypeScript,False,2024-05-28T13:35:16Z,2024-09-01T05:24:43Z,"This repository contains a comprehensive test automation framework integrating Cucumber, Playwright, and TypeScript. The framework is designed to facilitate Behavior-Driven Development (BDD) and end-to-end testing for modern web applications",200,110790a19111cc2bb6ada0eddd2511ddb7cb94df,1,False
rogercopy/playwright-cucumber-TS-automation,https://github.com/rogercopy/playwright-cucumber-TS-automation,nodejs,1,0,0,TypeScript,False,2025-02-10T11:33:20Z,2026-06-17T13:41:31Z,,cache,ee29ee9d9e984a1589fe254a5342ec1e3ec44bd2,5,True
santoshkulkarni1986/playwright-cucumber-typescript-automation-framework,https://github.com/santoshkulkarni1986/playwright-cucumber-typescript-automation-framework,nodejs,1,0,0,TypeScript,False,2025-08-06T08:37:43Z,2025-08-16T06:32:41Z,Playwright with Typescript an Cucumber Framework,cache,0b26af764c0c3eda22640c82feeb18d79baa9032,1,True
shah2466/cucumber-playwrightTemplate,https://github.com/shah2466/cucumber-playwrightTemplate,nodejs,1,0,0,TypeScript,False,2023-03-02T20:07:13Z,2023-03-02T20:07:17Z,,cache,b213870c845384c4432afb001701f432ccda9b77,2,True
sivanarayananv/my_first_cucumber_playwright_repo,https://github.com/sivanarayananv/my_first_cucumber_playwright_repo,nodejs,1,0,0,TypeScript,False,2021-12-16T12:21:41Z,2021-12-16T12:21:44Z,This is my first cucumber_playwright_repo,cache,9d81a4350ab175cba482456664d1171fc7b37dc4,2,True
swapnil358/Playwright-cucumber-allure,https://github.com/swapnil358/Playwright-cucumber-allure,nodejs,1,0,0,TypeScript,False,2024-03-17T04:17:10Z,2024-03-17T04:17:19Z,,cache,fb115920667285a567cc7ecad3bdc4a067cd4e6b,2,True
ugepriyokusumo/Playwright_Cucumber_Typescript,https://github.com/ugepriyokusumo/Playwright_Cucumber_Typescript,nodejs,1,0,0,TypeScript,False,2023-09-20T08:10:05Z,2023-09-21T03:35:56Z,,cache,7c5b699e35a351672a2b21cd1b547107bb160f04,2,True
vigneshonlinetutor/TestTribe_Playwright_Cucumber_Workshop_Aug2024,https://github.com/vigneshonlinetutor/TestTribe_Playwright_Cucumber_Workshop_Aug2024,nodejs,1,0,0,TypeScript,False,2024-09-20T08:06:04Z,2024-09-22T14:40:43Z,This is a Repository which created to teach Playwright + Cucumber as part of TestTribe workshop,200,f2a4eb24ed3c5ff343c00e55f15a275e6c474d0b,2,False
AbrahamPractice/playwright-cucumber,https://github.com/AbrahamPractice/playwright-cucumber,nodejs,0,0,0,TypeScript,False,2024-07-04T14:56:27Z,2024-07-05T02:44:21Z,,200,53db4272e32571b904713e83f5fc919f372695e0,1,False
Adarsh2692/playwright-cucumber,https://github.com/Adarsh2692/playwright-cucumber,nodejs,0,0,0,TypeScript,False,2023-08-09T08:48:43Z,2023-08-09T08:48:47Z,,cache,78e64fdd4efd984fb2710abbe3ac68ff2221f241,2,True
AdnanVanni/Playwrightcucumber,https://github.com/AdnanVanni/Playwrightcucumber,nodejs,0,0,0,TypeScript,False,2024-10-25T16:59:36Z,2024-10-28T13:22:54Z,Playwright with cucumber,200,e60ff82231cdbc036aaf9e880d38425485a27776,2,False
AlexRiaboshapka/playwright-ts-cucumber,https://github.com/AlexRiaboshapka/playwright-ts-cucumber,nodejs,0,0,0,TypeScript,False,2023-03-22T18:24:42Z,2023-03-22T20:11:36Z,playwright-ts-cucumber,cache,be9a4d2278646851f8e279c11a31a407d4ed9a07,1,True
AlgorBerunDev/cucumber-playwright,https://github.com/AlgorBerunDev/cucumber-playwright,nodejs,0,0,0,TypeScript,False,2023-10-26T12:27:03Z,2023-12-11T05:54:16Z,,cache,a15b1cfcb436174b82588d202aec174f4382f982,1,True
AndriiFrolov/playwright-cucumber,https://github.com/AndriiFrolov/playwright-cucumber,nodejs,0,0,0,TypeScript,False,2023-06-21T12:58:00Z,2023-06-21T13:56:09Z,,200,33a6c615ec4986a05fcd9ff4565e1ef615b10b5d,1,False
Arevka22/Cucumber_1,https://github.com/Arevka22/Cucumber_1,nodejs,0,0,0,TypeScript,False,2025-06-04T15:43:46Z,2025-06-04T17:04:13Z,,200,53773c528b68202faa85e4a4198fedf6c811532e,1,False
Arungu/Playwright_Cucumber,https://github.com/Arungu/Playwright_Cucumber,nodejs,0,0,0,TypeScript,False,2024-01-16T05:14:00Z,2024-01-16T05:14:05Z,,cache,17806b854e92f00ce2d98bc8e421119661a35344,2,True
Binhlex/playwright-cucumber,https://github.com/Binhlex/playwright-cucumber,nodejs,0,0,0,TypeScript,False,2023-07-04T15:08:56Z,2023-07-13T07:33:07Z,,cache,a52159286bd4b17f9922529e6887dbb2f40250d9,2,True
Cristi-Fogel/playwright_cucumber1,https://github.com/Cristi-Fogel/playwright_cucumber1,nodejs,0,0,0,TypeScript,False,2025-01-23T06:43:40Z,2025-02-18T05:57:12Z,,200,9147bbdb75ab969e8f142696bb27cf6e9fb5135b,1,False
DavidTrejos/CucumberLoginTest,https://github.com/DavidTrejos/CucumberLoginTest,nodejs,0,0,0,TypeScript,False,2025-07-21T06:21:47Z,2025-07-22T05:38:32Z,,200,5464d4ffa458e22253024080c27f1f709ae4e16f,1,False
DiegoFBenavides/cucumber-playwright,https://github.com/DiegoFBenavides/cucumber-playwright,nodejs,0,0,0,TypeScript,False,2021-10-11T14:15:21Z,2021-10-11T14:15:24Z,,cache,96da357eadf39180bebfb59a7847311035fc704c,2,True
Dimitar-Stojanovski/playwright-cucumber,https://github.com/Dimitar-Stojanovski/playwright-cucumber,nodejs,0,0,0,TypeScript,False,2025-05-31T17:27:23Z,2025-07-13T08:24:22Z,,200,a784eacc922dfcabf8e797e4a551826701ad3831,1,False
Divyadharshini17/Playwright-cucumber,https://github.com/Divyadharshini17/Playwright-cucumber,nodejs,0,0,0,TypeScript,False,2024-11-18T10:15:45Z,2024-11-18T14:30:36Z,,200,21a50c96598aa6ed3cb3d95bc22ae42dbcf82d0d,1,False
ENEMBI/playwright_cucumber,https://github.com/ENEMBI/playwright_cucumber,nodejs,0,0,0,TypeScript,False,2023-10-10T11:53:24Z,2023-10-10T12:16:20Z,,cache,e5f098b2af3c7e838d0dc31653ce18eed1e46f92,2,True
ForsakenWing/GenericCucumber,https://github.com/ForsakenWing/GenericCucumber,nodejs,0,0,0,TypeScript,False,2022-09-20T10:42:19Z,2022-11-02T13:14:41Z,,cache,f6a594391000980b719a474436a3f6e0a1eced9b,2,True
HarshaVardhankema/CucumberPlaywrightTypescript,https://github.com/HarshaVardhankema/CucumberPlaywrightTypescript,nodejs,0,0,0,TypeScript,False,2025-06-04T02:39:24Z,2025-06-04T02:45:46Z,,cache,7ac127ee6e38ddc9e21628e44d92fc29b92172e2,3,True
Hemant-Jharbade/Playwright_Cucumber,https://github.com/Hemant-Jharbade/Playwright_Cucumber,nodejs,0,0,0,TypeScript,False,2025-07-31T13:27:10Z,2025-09-03T08:38:44Z,,200,7f0501cd1afa7c726708d45d144edd47e3c5c855,1,False
Indra512/PlaywrightCucumberTypeScript,https://github.com/Indra512/PlaywrightCucumberTypeScript,nodejs,0,1,0,TypeScript,False,2025-03-01T05:29:14Z,2025-05-06T08:37:43Z,Playwright Cucumber TypeScript,cache,4151147b73e1d52ed3455ea310078f7c6d9fc5a0,3,True
Ismaillduman/playwright-cucumber,https://github.com/Ismaillduman/playwright-cucumber,nodejs,0,0,1,TypeScript,False,2022-12-19T23:03:52Z,2023-01-20T08:31:11Z,,cache,1e8b01615d7862760a76a60b193275b861bd8504,7,True
JakubRumpca/Cucumber-Store,https://github.com/JakubRumpca/Cucumber-Store,nodejs,0,0,0,TypeScript,False,2024-07-04T15:43:56Z,2025-11-09T12:17:48Z,,cache,75345a92d945b172fe9bb1ef933ee2cc5690c1cc,3,True
JeanColonia/playwright-challenge,https://github.com/JeanColonia/playwright-challenge,nodejs,0,0,0,TypeScript,False,2024-12-19T01:39:19Z,2024-12-29T05:13:36Z,"Playwright, Cucumber BDD, Typescript, Cucumber Report",200,648affaf0f1f9ca0d2b83d03ad692d5af98b28ab,3,False
Jvaddepally1/Playwright-Cucumber-Exercise-Jyothi,https://github.com/Jvaddepally1/Playwright-Cucumber-Exercise-Jyothi,nodejs,0,0,1,TypeScript,False,2025-09-17T17:54:07Z,2025-09-23T23:23:26Z,Playwright-Cucumber-Exercise- Task,200,5b9eb6af00e32388bd5c846a64aa179caf610fd1,3,False
KajetanJedrych/Playwright-Cucumber,https://github.com/KajetanJedrych/Playwright-Cucumber,nodejs,0,0,0,TypeScript,False,2024-01-24T18:05:03Z,2024-01-24T18:10:00Z,Testing project how to add Cucumber to playwright,200,b1d228e6e6a47777ef67af82c002bfb6e6ecd4c1,1,False
KarimBlg/playwright_cucumber,https://github.com/KarimBlg/playwright_cucumber,nodejs,0,0,0,TypeScript,False,2025-03-19T14:03:59Z,2025-03-20T14:42:08Z,,200,f749dfefa64daf0e9dd3818c40fb19b54680aa71,1,False
KnowitRobertFred/pw-cucumber,https://github.com/KnowitRobertFred/pw-cucumber,nodejs,0,0,0,TypeScript,False,2025-10-14T12:16:25Z,2026-04-02T09:37:15Z,Playwright and cucumber/gherkin,200,3fdb03e346b1b4a7bf355b6798f27bd9fed22723,2,False
Luxe-Quality/playwright_cucumber_allure,https://github.com/Luxe-Quality/playwright_cucumber_allure,nodejs,0,0,0,TypeScript,False,2023-09-25T09:21:48Z,2023-09-25T09:24:25Z,Playwright cucumber allure report,cache,371a0b562dd6966da775172916f24a70ce714458,2,True
Mani-QA/Playwright-Cucumber,https://github.com/Mani-QA/Playwright-Cucumber,nodejs,0,0,0,TypeScript,False,2024-04-30T10:38:58Z,2024-04-30T13:27:10Z,,cache,8df96f62eed4336d8a2bcb8b2d11066235b53f35,1,True
MarappPrashanth/Cucumber-Playwright,https://github.com/MarappPrashanth/Cucumber-Playwright,nodejs,0,0,0,TypeScript,False,2023-10-10T22:00:14Z,2023-10-10T22:34:27Z,,200,b89f5ba6453a64817989d43716c66ac6bfb81360,2,False
MarkoKerma/PlaywrightCucumber,https://github.com/MarkoKerma/PlaywrightCucumber,nodejs,0,0,0,TypeScript,False,2023-01-18T13:28:33Z,2023-01-24T13:50:03Z,test written in playwright framework with gherkin syntax,200,2f985a68c3559312d372e8d51417339c605e24dd,1,False
NaveenChittimodu/Plawright_cucumber,https://github.com/NaveenChittimodu/Plawright_cucumber,nodejs,0,0,0,TypeScript,False,2023-10-03T06:42:23Z,2023-10-04T12:11:59Z,,cache,2a4a10a659e71d7a68c44cba3c7f85d9e6e22b50,1,True
NgocVo3112/playwright-cucumber,https://github.com/NgocVo3112/playwright-cucumber,nodejs,0,0,0,TypeScript,False,2023-07-23T11:01:59Z,2023-08-06T07:52:13Z,,cache,0f44277d05f977c2b7f4d8de507d4f0903263be6,1,True
Night-G/cucumberTypeScript,https://github.com/Night-G/cucumberTypeScript,nodejs,0,0,0,TypeScript,False,2024-10-02T11:00:21Z,2024-10-07T12:56:12Z,,200,b8c496317dad5e0058cc3ad055ff8ca4ef23ff43,1,False
OlivierWinsemius/playcumber,https://github.com/OlivierWinsemius/playcumber,nodejs,0,0,0,TypeScript,False,2021-11-16T14:19:29Z,2023-10-24T11:45:41Z,playwright and cucumber,200,2d293f4c5b4b2c60960e80d8080c199712d164e5,2,False
ParthibanRajasekaran/playwright-cucumber,https://github.com/ParthibanRajasekaran/playwright-cucumber,nodejs,0,1,1,TypeScript,False,2025-08-07T17:16:43Z,2026-01-23T21:45:23Z,,cache,73791e2a0c9b40780edf30cd5b828e50dcdf74db,1,True
Pi-fe/Cucumber-playwright,https://github.com/Pi-fe/Cucumber-playwright,nodejs,0,0,0,TypeScript,False,2023-05-18T14:37:42Z,2023-05-18T14:37:46Z,,cache,dd7d64608727fba0926d339404fd16ee64370487,2,True
Plakhota/cucumber-playwright,https://github.com/Plakhota/cucumber-playwright,nodejs,0,0,0,TypeScript,False,2022-11-27T12:58:22Z,2022-11-27T12:58:25Z,,cache,57e20bd48c511e32daeddfa3a62564f0c6855b97,2,True
PradyumnaPal/PW_Cucumber_TS,https://github.com/PradyumnaPal/PW_Cucumber_TS,nodejs,0,0,0,TypeScript,False,2025-03-20T18:06:23Z,2025-04-15T09:41:41Z,PW_Cucumber_TS : Learning,200,e0ba656b16c63764d3eb884a81907f1d4bb8c51c,2,False
QuangTo/cucumber,https://github.com/QuangTo/cucumber,nodejs,0,0,0,TypeScript,False,2024-05-20T03:23:45Z,2024-10-18T03:27:00Z,playwright cucumber gherkin,cache,bf0d2f23f258317da5d92953c6d2f7e94d016e86,1,True
SampathkvAutomation/cucumber-playwright,https://github.com/SampathkvAutomation/cucumber-playwright,nodejs,0,0,0,TypeScript,False,2025-06-06T04:51:01Z,2025-06-06T07:13:17Z,,cache,fffbddd1b4752311df63c5008e66b8a983253380,1,True
Santhis/playwrightCucumber,https://github.com/Santhis/playwrightCucumber,nodejs,0,0,0,TypeScript,False,2023-01-10T09:30:41Z,2023-01-12T19:15:45Z,,200,b172616d7bbf35950c6ac32e5c63968929e6f76a,1,False
Shaiyz/Playwright-Cucumber,https://github.com/Shaiyz/Playwright-Cucumber,nodejs,0,0,0,TypeScript,False,2024-11-21T22:57:35Z,2024-11-22T00:26:37Z,"This repository provides a comprehensive setup for automated testing using Playwright and Behavior-Driven Development (BDD) principles. The project is designed to run tests efficiently across multiple instances by leveraging environment variables, enabling parallelization and environment-specific configurations.",200,03c52bf4fe9909dc5dbdc2db02cceb0f9b4fb675,1,False
SiloEscaper/cucumber-playwright,https://github.com/SiloEscaper/cucumber-playwright,nodejs,0,0,0,TypeScript,False,2023-11-14T07:17:07Z,2023-11-14T07:40:24Z,,cache,1e84351953b0ac70a024ceec70ac046b97e2451c,1,True
Software-Engineering-Assistantship/frontend-nextjs-ess,https://github.com/Software-Engineering-Assistantship/frontend-nextjs-ess,nodejs,0,8,0,TypeScript,False,2023-11-16T21:28:33Z,2023-11-18T00:40:06Z,"This is the Front-end base project in Next.js for the Software and Systems Engineering discipline, offered by the Informatics Center (CIn) of the Federal University of Pernambuco (UFPE).",200,43a91e176e892521a6bd0f71553655c44433292e,1,False
SumitMandloi123/CucumberFramework,https://github.com/SumitMandloi123/CucumberFramework,nodejs,0,0,0,TypeScript,False,2025-03-10T10:35:24Z,2025-03-10T12:15:31Z,This is a Cucumber Framework.,200,b27b81de40402daaafcc525b2e41edb35c21ba1f,1,False
aasiamoqeem/PlaywrightCucumber,https://github.com/aasiamoqeem/PlaywrightCucumber,nodejs,0,0,0,TypeScript,False,2025-05-30T02:04:26Z,2025-06-04T03:42:58Z,,cache,5483b5de038cd12df52eb5be77dfcde0ce8a8e94,5,True
abhilashkot/playwright_cucumber-BDD-_typescript,https://github.com/abhilashkot/playwright_cucumber-BDD-_typescript,nodejs,0,0,0,TypeScript,False,2021-10-21T05:04:28Z,2021-10-21T07:39:16Z,Playwright with cucumber and typescript,200,3bc201a9fa0ebee871a546af5529e9e6d9054b8a,1,False
adityapradanaa/playwright,https://github.com/adityapradanaa/playwright,nodejs,0,0,0,TypeScript,False,2022-08-07T04:48:08Z,2022-11-05T08:51:58Z,Playwright with cucumber,200,259edf54c2c5b6654b6d18588f3dd5504d709338,1,False
ahmadmg/cucumberjs-playwright,https://github.com/ahmadmg/cucumberjs-playwright,nodejs,0,0,0,TypeScript,False,2025-05-19T19:03:03Z,2026-06-01T21:36:37Z,"End-to-end testing framework using Cucumber.js, Playwright, and TypeScript. Supports BDD feature files, browser automation, API testing, HTML reporting, and easy CI integration with GitHub Actions and Docker. Ready for scalable, maintainable, and modern web testing workflows.",cache,8121070c218df5371bd0ae4a5642ce21a32325c8,2,True
akwasin/cucumber-playwright,https://github.com/akwasin/cucumber-playwright,nodejs,0,0,0,TypeScript,False,2022-10-13T13:10:51Z,2022-10-13T13:11:25Z,,cache,32ae68b7c3b3605ecb8c477a20cba057c84a89cb,2,True
alejandrobettini6/playwright-cucumber,https://github.com/alejandrobettini6/playwright-cucumber,nodejs,0,0,0,TypeScript,False,2023-09-30T00:59:54Z,2023-09-30T22:07:42Z,,200,791eec3dbbd0d4da5d14f1a4526ab309d4a2ec65,1,False
ankita21gaikwad/playwright-cucumber,https://github.com/ankita21gaikwad/playwright-cucumber,nodejs,0,0,0,TypeScript,False,2022-05-30T16:02:22Z,2022-06-09T14:32:43Z,,200,aed917c5f2fa8a8f4166976136cb6ae1a74c2e6f,1,False
arbaaz100/cucumber-playwright,https://github.com/arbaaz100/cucumber-playwright,nodejs,0,0,0,TypeScript,False,2025-07-02T05:12:26Z,2025-07-02T11:53:35Z,Side Project,200,ca3dc038b0efdedb7804eab1a0237ad0c85bfb3e,2,False
arifiandi/playwright-cucumber-playground,https://github.com/arifiandi/playwright-cucumber-playground,nodejs,0,0,0,TypeScript,False,2025-05-06T15:40:22Z,2026-05-12T00:30:42Z,my Playwright-Cucumber playground ,200,1ea4f790a7da0ab150b823731a5b7c7c8d1d3523,3,False
arjungangadharan007/CucumberBDD-Allure,https://github.com/arjungangadharan007/CucumberBDD-Allure,nodejs,0,0,0,TypeScript,False,2024-09-18T14:04:02Z,2024-09-20T09:18:34Z,,cache,e74c6ddad0a58b4ce3b9793230299d0cbb46bbad,1,True
arslanyasin330/Playwright-cucumber,https://github.com/arslanyasin330/Playwright-cucumber,nodejs,0,0,0,TypeScript,False,2024-07-22T14:18:22Z,2024-07-22T14:29:19Z,,200,3eb22fbcfc83bc2f479dd442d0a04df415948b41,1,False
batch2991/playwright_cucumber1,https://github.com/batch2991/playwright_cucumber1,nodejs,0,0,0,TypeScript,False,2025-07-12T07:13:42Z,2025-07-12T07:20:05Z,,200,be22b489d1557988edd0bfa2dc29ccc3340c147c,2,False
bekaarcoder/playwright-cucumber,https://github.com/bekaarcoder/playwright-cucumber,nodejs,0,0,0,TypeScript,False,2023-11-25T14:22:33Z,2023-11-26T07:37:39Z,,cache,141c3a4f89685c6ff07691b7644bf0e29372babf,2,True
benwaar/automated-testing,https://github.com/benwaar/automated-testing,nodejs,0,0,0,TypeScript,True,2025-09-26T10:35:46Z,2025-10-13T08:38:36Z,"Playwright, Gherkin, Cucumber & Lighthouse",cache,674df0bc4d3d5c5f8b4974532d7ab80c09348b46,2,True
brignano/cucumber-playwright,https://github.com/brignano/cucumber-playwright,nodejs,0,0,0,TypeScript,False,2022-02-15T05:34:55Z,2026-06-08T03:57:33Z,,cache,9a7d38e70e74027f2ef2cf7171d6d5cb46509d3d,2,True
bykgz/Playwright_Cucumber,https://github.com/bykgz/Playwright_Cucumber,nodejs,0,0,0,TypeScript,False,2024-06-08T10:45:12Z,2024-06-08T10:48:54Z,,cache,6bf5bb8ee77ad67dcbe3b89bdd16a171ca41b129,1,True
chen-196-hub/e2e-scenario,https://github.com/chen-196-hub/e2e-scenario,nodejs,0,0,0,TypeScript,False,2024-02-18T15:38:30Z,2024-02-25T13:57:57Z,Playwright+cucumber setup,cache,80b9664b1bed95b6668ee2776a9a51b179dadf54,1,True
chonglee30/Playwright-Cucumber,https://github.com/chonglee30/Playwright-Cucumber,nodejs,0,0,0,TypeScript,False,2025-07-24T17:24:46Z,2025-07-28T20:57:30Z,BDD-Cucumber to write playwright test,cache,2a80668de747c3f435dc37d6d01db5933dd9deaa,1,True
cncoding101/test-automation-with-ppcc,https://github.com/cncoding101/test-automation-with-ppcc,nodejs,0,0,0,TypeScript,False,2022-04-28T11:58:54Z,2024-01-20T17:58:04Z,playwright and cucumber,cache,01ecb5dfbda833d25e506305fc77d0a88efb67dc,1,True
codesworld/PlaywrightBDD,https://github.com/codesworld/PlaywrightBDD,nodejs,0,0,0,TypeScript,False,2024-12-29T18:33:02Z,2024-12-29T23:58:43Z,Playwright+Cucumber,cache,33327b57c2ab0edc8135e8b73e7c97ed360b0bb3,1,True
contactkkiran/playwrightCucumber,https://github.com/contactkkiran/playwrightCucumber,nodejs,0,0,0,TypeScript,False,2024-06-14T06:24:27Z,2024-06-16T22:52:44Z,PlaywrightCucumber,cache,667b1dc94bd665deb225f1c82f36091a15b55166,1,True
david2701palacios/playwrightCucumber,https://github.com/david2701palacios/playwrightCucumber,nodejs,0,0,0,TypeScript,False,2024-07-17T20:24:57Z,2024-07-25T00:21:15Z,"In this repository you will find an example of test automation with Playwright & cucumber with a readable, maintainable and logical structure.",200,f98ce3ce400fb9fb185ff00d8a6cf0aaeb519655,3,False
daxone222/pwpoc,https://github.com/daxone222/pwpoc,nodejs,0,0,0,TypeScript,False,2023-07-27T11:34:37Z,2023-07-27T11:34:40Z,"Playwright, typescript with cucumber ",cache,b36203e4d40226402ea8aded0f91609fffe915c3,2,True
dayvid-d1/play-cucumber,https://github.com/dayvid-d1/play-cucumber,nodejs,0,0,0,TypeScript,False,2023-08-29T17:22:22Z,2023-08-29T17:29:49Z,,200,1d308b739ac0caca4a58a40fd860968e3ab593cc,1,False
dco5scp/playwright-cucumber,https://github.com/dco5scp/playwright-cucumber,nodejs,0,0,0,TypeScript,False,2024-08-29T23:26:01Z,2024-08-29T23:36:05Z,,cache,74dac13821d7f82675aa8cdbe4ccca864a8ebe1f,1,True
deekshith246/cucumber-Framework,https://github.com/deekshith246/cucumber-Framework,nodejs,0,0,0,TypeScript,False,2025-01-19T12:45:30Z,2025-01-19T14:19:07Z,,cache,155b184a660fad6c3f7d1b428e3cfcaa62d2673a,1,True
divyacodeprac/Cucumber_TS,https://github.com/divyacodeprac/Cucumber_TS,nodejs,0,0,0,TypeScript,False,2025-01-14T08:22:07Z,2025-01-14T12:07:21Z,,200,f4a7493b591d887eba5a07e743602399ec54debf,3,False
durgac2012/Playwright-Cucumber-Exercise1,https://github.com/durgac2012/Playwright-Cucumber-Exercise1,nodejs,0,0,0,TypeScript,False,2025-09-16T03:48:51Z,2025-09-16T03:55:11Z,Playwright-Cucumber-Exercise,200,7e49b3382bc6545f14f6b39c790cee9f6efd284f,3,False
earvinnill/cucumber-playwright,https://github.com/earvinnill/cucumber-playwright,nodejs,0,0,11,TypeScript,False,2023-03-22T01:59:34Z,2026-06-24T23:29:38Z,This is a cucumber playwright (TS written),cache,a3fe969dc7f40007f37cbb530f753e173d19c719,2,True
edzzh/Playwright-CucumberJS-TypeScript-E2E-Framework,https://github.com/edzzh/Playwright-CucumberJS-TypeScript-E2E-Framework,nodejs,0,0,0,TypeScript,False,2023-03-30T06:45:21Z,2023-03-30T12:59:26Z,,200,345cf101bb4f2179479ee05534242382ce178a51,1,False
elliot710/af-testing,https://github.com/elliot710/af-testing,nodejs,0,0,0,TypeScript,False,2024-07-04T21:31:59Z,2024-07-11T23:24:17Z,testing framework (playwright/cucumber/ts),200,b9de3bddd9c2fb4b78eb4301a921cd9bd17fdd88,1,False
emIsmaeel/Playwright-cucumber,https://github.com/emIsmaeel/Playwright-cucumber,nodejs,0,0,0,TypeScript,False,2025-08-08T10:36:39Z,2025-08-10T17:51:46Z,,200,ff598e7800da193b43cbc868a35001661bd00d80,1,False
emZubair/Playwright-cucumber,https://github.com/emZubair/Playwright-cucumber,nodejs,0,0,0,TypeScript,False,2025-01-17T16:31:00Z,2025-01-17T16:31:21Z,,200,1b49c6ae351fc09b3a06cfebae62dd804590b2a7,1,False
erhanilgar/CucumberPlaywright,https://github.com/erhanilgar/CucumberPlaywright,nodejs,0,0,0,TypeScript,False,2025-04-01T22:51:46Z,2025-04-01T22:52:49Z,,cache,f5bd8d883f7cbad79cdc4c597e5434c24a179e4c,1,True
fedealdosivi/playwright-cucumber,https://github.com/fedealdosivi/playwright-cucumber,nodejs,0,0,0,TypeScript,False,2023-10-09T09:25:59Z,2023-10-11T09:47:44Z,,cache,a7ec45a2b7df54712d06fee218a2dc67e1417208,1,True
ftavilla/playwright-cucumber,https://github.com/ftavilla/playwright-cucumber,nodejs,0,0,0,TypeScript,False,2025-08-26T09:47:24Z,2025-11-24T21:13:42Z,Playwright / Cucumber clear and flexible structure ,200,867abb0ada24d6938047a24d860bbaf2016dbf04,3,False
gili1010/Framework-Thanos,https://github.com/gili1010/Framework-Thanos,nodejs,0,0,0,TypeScript,False,2025-03-17T01:16:38Z,2025-03-17T01:27:40Z,Playwright-cucumber-report allure,200,77651b17a3a7ac57b68ed7a68af26cc673f413c6,11,False
glkada/Cucumber-Playwright-BrowserStack,https://github.com/glkada/Cucumber-Playwright-BrowserStack,nodejs,0,0,0,TypeScript,False,2023-09-26T07:24:34Z,2023-09-26T10:53:41Z,Parallelise Cucumber Playwright using BrowserStack,cache,8108c95c3984900b6d3046ff3a3726d3297fd10c,2,True
hickVieira/serverest-front-tests,https://github.com/hickVieira/serverest-front-tests,nodejs,0,0,0,TypeScript,False,2024-08-13T19:02:51Z,2024-08-13T19:16:03Z,testing serverest using playwright + cucumber,200,81a0ba1daa5f3b7c760d5f5c1e2f831dcee70673,1,False
ishansaini/playwright-dummy,https://github.com/ishansaini/playwright-dummy,nodejs,0,0,0,TypeScript,False,2023-09-22T04:53:32Z,2025-10-31T08:29:46Z,Playwright with Cucumber boilerplate,cache,a806319ee9804ecbcbe23bb5e24702ffc64e9397,1,True
janwerremeyer/playwright-cucumber,https://github.com/janwerremeyer/playwright-cucumber,nodejs,0,0,0,TypeScript,False,2025-03-26T15:12:09Z,2025-03-26T15:12:12Z,,cache,df00226a48c6577deb4fe2c7b683c57defbf8c6b,1,True
janyangyuan/playground-cucumber,https://github.com/janyangyuan/playground-cucumber,nodejs,0,0,0,TypeScript,False,2023-07-24T13:37:29Z,2023-07-24T13:40:54Z,,200,04a572bd17dafda9a8d59d0c594030034e392c9c,1,False
jcarek/cucumber-playwright,https://github.com/jcarek/cucumber-playwright,nodejs,0,0,0,TypeScript,False,2024-02-01T01:21:51Z,2024-02-07T22:29:15Z,,cache,0915d638ef82acbe90aa429185819e0cafa3badc,2,True
jeffnyman/playwright-cucumber,https://github.com/jeffnyman/playwright-cucumber,nodejs,0,0,0,TypeScript,False,2024-08-08T12:17:55Z,2024-08-25T10:07:37Z,Pedagogical exercise for Playwright and Cucumber.,cache,7e87f8212f710f9e8484c35ef9495eba64bfb4bf,3,True
jodial92/cucumber-playwright,https://github.com/jodial92/cucumber-playwright,nodejs,0,0,0,TypeScript,False,2023-03-29T06:00:37Z,2023-04-13T16:07:11Z,,200,8fbcfcb0d0899557cdafcd412d3708bc54ba0e7e,2,False
joheiss/cucumber-playwright,https://github.com/joheiss/cucumber-playwright,nodejs,0,0,0,TypeScript,False,2024-02-21T05:18:23Z,2024-02-23T16:44:22Z,Tutorial Cucumber JS and Playwright,cache,573bdddca6c7febea9aca30c181b38fc144dc028,3,True
juan2three/Playwright,https://github.com/juan2three/Playwright,nodejs,0,0,0,TypeScript,False,2022-04-21T12:53:28Z,2022-05-05T01:17:17Z,"Cucumber, Playwright in Typescript",cache,e425ea9c860dc09afb06f64bac29c4fb7a3fa29b,2,True
karthikautomationtester/playwright-cucumber,https://github.com/karthikautomationtester/playwright-cucumber,nodejs,0,0,0,TypeScript,False,2025-08-12T19:27:34Z,2025-08-12T19:37:36Z,,cache,30f00718c390bd672d41278457420790f74ca4b7,1,True
katekarsi/Kate-repo,https://github.com/katekarsi/Kate-repo,nodejs,0,0,4,TypeScript,False,2025-07-24T20:16:47Z,2025-07-29T00:21:06Z,Playwright-Cucumber-Exercise -Kate Karsi,200,268edc8ba948a7c5ac55282bcccc2f6f91b7183e,3,False
kavyashree-harsha/PlaywrightCucumber,https://github.com/kavyashree-harsha/PlaywrightCucumber,nodejs,0,0,0,TypeScript,False,2025-01-24T20:41:10Z,2025-01-26T03:54:03Z,Framework : Playwright + BDD (Cucumber) + Typescript,cache,1ea642811099af686d32118e608b29d7841472b1,1,True
kjetilk-kontali/cucumber-playwright,https://github.com/kjetilk-kontali/cucumber-playwright,nodejs,0,1,0,TypeScript,False,2022-11-24T08:14:14Z,2022-11-24T16:06:24Z,Minimum project to run Cucumber specs with Playwright for browser automation,cache,ad5ce808d8d8c0ff0b57c9988adffeb2ed5ba342,1,True
kwishna/playwright-cucumber,https://github.com/kwishna/playwright-cucumber,nodejs,0,0,0,TypeScript,False,2021-07-19T03:47:32Z,2021-07-19T03:51:33Z,Playwright With Cucumber Practice,200,9530b7af8a3e1bcb61d51a31697a099cef3f0e1c,2,False
learn-automated-testing/cucumberjiraintegration,https://github.com/learn-automated-testing/cucumberjiraintegration,nodejs,0,0,0,TypeScript,False,2024-09-29T13:29:51Z,2024-10-08T05:53:42Z,,cache,c325617f81643486188a1021924b57f75e366ee4,2,True
lifeisbeautifful/Cucumber,https://github.com/lifeisbeautifful/Cucumber,nodejs,0,0,0,TypeScript,False,2024-08-12T11:13:45Z,2024-08-18T10:30:10Z,,cache,214cc20c62f7c5b2a7160b6f5c425bfb182e456b,2,True
lloydchang/iso13-cucumber-playwright,https://github.com/lloydchang/iso13-cucumber-playwright,nodejs,0,2,0,TypeScript,False,2024-11-16T02:59:54Z,2025-05-02T08:01:13Z,,200,8d9db2966e83decc5fcb4f382929e49688e05d87,7,False
mailtoach79/cucumberpwjts,https://github.com/mailtoach79/cucumberpwjts,nodejs,0,0,0,TypeScript,False,2025-01-22T13:23:26Z,2025-01-26T23:33:49Z,Automation framework with cucumber and Playwright,200,465f21049e09c18375bf90524086f15fb859d9d8,2,False
mailtogagan/cucumber-playwright-example,https://github.com/mailtogagan/cucumber-playwright-example,nodejs,0,0,10,TypeScript,False,2021-07-23T13:52:43Z,2023-01-17T19:06:09Z,Example using cucumber-playwright template,cache,8e567671497712aef607042dde2a1f1671b6a763,2,True
mandh-jayessh/jrmpw03,https://github.com/mandh-jayessh/jrmpw03,nodejs,0,0,0,TypeScript,False,2025-06-07T07:49:45Z,2025-10-12T17:54:11Z,Cucumber Framework,cache,4d1528541aa280936e34773b950a01c6a02869d4,2,True
manueltarouca/cucumber-playground,https://github.com/manueltarouca/cucumber-playground,nodejs,0,0,0,TypeScript,False,2025-02-11T17:38:13Z,2025-02-11T17:46:03Z,Working MVP of cucumber.js + playwright,200,4ed98dd46ad2978f2eec3b1c27f3d99dd0c391ee,2,False
masadaark/ts-cucumber-playwright,https://github.com/masadaark/ts-cucumber-playwright,nodejs,0,0,0,TypeScript,False,2024-11-05T06:16:34Z,2024-11-08T04:02:49Z,ts-cucumber-with-playwright,200,0432fa19f3a16ee22078d16cde808b319df51bf9,1,False
maxxy4real/Playwright,https://github.com/maxxy4real/Playwright,nodejs,0,0,0,TypeScript,False,2025-03-11T17:06:03Z,2025-03-11T17:10:41Z,Playwright TypeScript and Cucumber,200,e6af34218a63509a45d972e33becdbc74662bb62,3,False
mcanererdem/Web-Driver-University-Otomations,https://github.com/mcanererdem/Web-Driver-University-Otomations,nodejs,0,0,0,TypeScript,False,2025-05-29T07:50:52Z,2025-10-09T08:47:46Z,"Playwright otomation with TS, Cucumber",200,f15078e5f81ed55510cd02a5af7ea71458ebaaa9,2,False
mdbasheer333/cucumberjsvanila,https://github.com/mdbasheer333/cucumberjsvanila,nodejs,0,0,0,TypeScript,False,2024-03-23T12:39:57Z,2025-04-13T16:24:12Z,cucumberjsvanila,200,2db54eee6cfd822ed1166a7cdddc3f85cc4f5fce,4,False
mdtaque/cucumber-playwright,https://github.com/mdtaque/cucumber-playwright,nodejs,0,0,10,TypeScript,False,2021-08-18T20:49:58Z,2023-01-25T02:03:02Z,,cache,04ec2194198de4e724ee876a75aa319d933c612b,2,True
mfamese/cucumber-playwright,https://github.com/mfamese/cucumber-playwright,nodejs,0,0,0,TypeScript,False,2023-10-09T11:46:35Z,2023-10-27T10:20:57Z,Cucumber-Playwright,cache,303db320006126aef3b6af344ccae6a6c0954941,1,True
monogkai/playwright-cucumber,https://github.com/monogkai/playwright-cucumber,nodejs,0,0,0,TypeScript,False,2024-09-29T12:28:50Z,2024-09-29T13:25:17Z,Sample project with Playwright and Cucumber,200,0f05817a3ff2d5d9911b5f6332936af20e558b5a,1,False
mpuertao/playwright-cucumber,https://github.com/mpuertao/playwright-cucumber,nodejs,0,0,10,TypeScript,False,2021-06-02T13:38:11Z,2023-01-25T12:03:15Z,playwright-cucumber template,cache,7fec1a35b525278292107125c05438854829f55d,1,True
mrwaks/cucumber-playwright,https://github.com/mrwaks/cucumber-playwright,nodejs,0,0,0,TypeScript,False,2024-07-22T08:07:41Z,2024-07-22T08:08:16Z,Starter project to write and debug cucumber-js features with Playwright,cache,4bef909dc115a3d468a49a133bf42ced40bc37e4,2,True
mustafaskyer/cucumber_playwright,https://github.com/mustafaskyer/cucumber_playwright,nodejs,0,0,0,TypeScript,False,2024-03-19T07:07:15Z,2024-03-20T08:35:58Z,,200,e3f3baa7037c4da4788f733c90ab4fded932d34a,1,False
myUltraCrew/cucumber-counter,https://github.com/myUltraCrew/cucumber-counter,nodejs,0,0,2,TypeScript,False,2023-10-24T14:13:31Z,2023-10-25T20:55:43Z,"A playground to learn the basics of gherkin, cucumber, and playwright.",cache,f1f6107afe418d5dd91afd96e8b609d6ce3c248c,1,True
nat-github/Playwright-Cucumber,https://github.com/nat-github/Playwright-Cucumber,nodejs,0,0,0,TypeScript,False,2024-01-28T10:52:16Z,2024-01-28T21:07:11Z,,cache,c82c21c6564e7718bb038961e80cfe1a01fadfff,1,True
navanathjagtap/CucumberPlaywright,https://github.com/navanathjagtap/CucumberPlaywright,nodejs,0,0,0,TypeScript,False,2023-12-15T15:19:11Z,2023-12-15T16:24:54Z,,200,6b1fc56683498c6d90add300b0dc0bc76c1699db,1,False
neoworx/playwright-cucumber,https://github.com/neoworx/playwright-cucumber,nodejs,0,0,0,TypeScript,False,2025-05-22T12:22:27Z,2025-05-22T12:29:27Z,Skeleton to perform cucumber & smoketests,200,e5fe0d15ed13d45d87d25d379cd4caa1ea31fa03,1,False
okamahardika/playwrigth-Cucumber,https://github.com/okamahardika/playwrigth-Cucumber,nodejs,0,0,0,TypeScript,False,2024-04-30T09:14:23Z,2024-08-27T08:07:22Z,,200,b0a5e54532e9ad87001f6061542b6f364f1e92b5,1,False
paragrghoshal/PLAYWRIGHT_CUCUMBER,https://github.com/paragrghoshal/PLAYWRIGHT_CUCUMBER,nodejs,0,0,0,TypeScript,False,2023-08-10T13:40:28Z,2023-09-07T16:19:07Z,,cache,2bc34cd47a5c09d16608509ccd7b15928bfcf5a8,1,True
pawanuk/Playwright-cucumber,https://github.com/pawanuk/Playwright-cucumber,nodejs,0,0,0,TypeScript,False,2024-07-09T06:59:00Z,2024-07-09T07:11:43Z,,200,d1f94682db8b39d3a72989a736460dfe58da4ef2,3,False
peachannoy/cucumber,https://github.com/peachannoy/cucumber,nodejs,0,0,0,TypeScript,False,2023-02-17T10:09:41Z,2023-02-17T10:23:42Z,,200,b2ec0d593d1d23ebc06b013484cf00ef4d31f963,1,False
penzarmerchant/cucumber-Playwright,https://github.com/penzarmerchant/cucumber-Playwright,nodejs,0,0,0,TypeScript,False,2024-10-29T11:22:42Z,2024-10-29T13:49:52Z,,200,e19f808ccb7c1c14f0d196567ccc926c5e5f94c2,1,False
phileti/ec-cucumber,https://github.com/phileti/ec-cucumber,nodejs,0,0,0,TypeScript,False,2022-12-22T09:40:43Z,2022-12-22T09:40:46Z,Essai de la CI du projet cucumber-playwright,cache,47ad5dffaaeba57cdcc5d75591c1c83402ff4ea1,2,True
poorprogrammer/pw-cucumber,https://github.com/poorprogrammer/pw-cucumber,nodejs,0,0,0,TypeScript,False,2023-01-16T14:21:06Z,2023-01-16T14:21:10Z,,cache,bff1f391f1f794ba0777c6bb7b93291783cb44d0,2,True
prachistudocu/cucumber-playwrite,https://github.com/prachistudocu/cucumber-playwrite,nodejs,0,0,0,TypeScript,False,2022-08-24T07:37:03Z,2022-08-24T07:37:06Z,,cache,c16ed1c4efedd726517a66fa22e2c9d644d998c5,2,True
prasadhraghu47/playwrightFramework,https://github.com/prasadhraghu47/playwrightFramework,nodejs,0,0,0,TypeScript,False,2025-04-20T13:42:44Z,2025-05-12T06:39:11Z,Playwright + Cucumber + TypeScript automation framework,200,e9d4d99ee1d236f00f69a1f9c64e6612bcf6f259,1,False
priyagund/playwright-cucumber,https://github.com/priyagund/playwright-cucumber,nodejs,0,0,0,TypeScript,False,2022-10-07T05:22:21Z,2022-10-11T14:32:32Z,,200,350691800da35ee1df92404a95c617ef7defdd1e,1,False
punyam/playwright-cucumber,https://github.com/punyam/playwright-cucumber,nodejs,0,0,0,TypeScript,False,2024-12-13T15:08:46Z,2024-12-14T04:14:13Z,,200,68110ba70281d76263debd31ed2a5d902725b5b9,2,False
rafo18/Playwright-cucumber,https://github.com/rafo18/Playwright-cucumber,nodejs,0,0,0,TypeScript,False,2025-05-11T21:57:40Z,2026-01-26T00:29:54Z,,200,98c97f7b8bf65b63dd40d9fa543fb4984346d09f,1,False
rama-kaushu2526/Playwright-Cucumber,https://github.com/rama-kaushu2526/Playwright-Cucumber,nodejs,0,0,0,TypeScript,False,2022-02-04T10:58:39Z,2022-02-04T10:58:41Z,,cache,7296e42cb447badbba5e5e93a2426a36104a0863,2,True
ranjani-tech/playwright-cucumber-api-test,https://github.com/ranjani-tech/playwright-cucumber-api-test,nodejs,0,0,0,TypeScript,False,2025-04-14T23:40:22Z,2025-04-14T23:54:14Z,playwright-cucumber-api-test,cache,fe63b76e4566321a4d3b1ae2912f9651e346a049,1,True
ravichandra/playwright_cucumber,https://github.com/ravichandra/playwright_cucumber,nodejs,0,0,0,TypeScript,False,2024-05-06T12:47:50Z,2024-05-06T13:05:03Z,,200,9f0c57479e6cc63c338a998536e4fe68ef1f74be,1,False
razvanccr/playwright-cucumber,https://github.com/razvanccr/playwright-cucumber,nodejs,0,0,0,TypeScript,False,2024-08-05T15:11:49Z,2025-03-03T13:14:25Z,,cache,08e119da06bb35260a4b71a8ceb668eea0e8f87f,2,True
regi-gouale/cucumber-playwright,https://github.com/regi-gouale/cucumber-playwright,nodejs,0,0,0,TypeScript,False,2023-11-28T19:01:33Z,2023-12-01T11:11:47Z,,cache,8c3447c3b92ceadae0b3f22caaf4de211f28efe5,1,True
reizero00/playwright-cucumber,https://github.com/reizero00/playwright-cucumber,nodejs,0,0,0,TypeScript,False,2023-12-24T02:41:36Z,2023-12-30T09:16:24Z,,cache,6026d5f09ab1ceb3cb6b3004edcda1b538286e6c,1,True
rkidd123/cucumber-playwright,https://github.com/rkidd123/cucumber-playwright,nodejs,0,0,0,TypeScript,False,2023-01-03T19:27:38Z,2023-01-03T19:27:47Z,,cache,1cb4e7e5e8ffe079c7172803298722c328c0daa6,2,True
rlhardrock/Playwright-Cucumber,https://github.com/rlhardrock/Playwright-Cucumber,nodejs,0,0,0,TypeScript,False,2023-11-06T05:31:44Z,2023-11-08T01:56:14Z,,200,c6de7b1eaa6035630b6bc38b48a236f3de5af337,2,False
sandipchitale/cucumber-playwright,https://github.com/sandipchitale/cucumber-playwright,nodejs,0,0,0,TypeScript,False,2021-08-06T04:03:16Z,2021-11-21T04:56:59Z,,200,8a25e2916d7a5c1c465d77bd2de4a81e1bd235b6,2,False
sandipchopkar95/Typescript_Playwright_BDD_CucumberRunner,https://github.com/sandipchopkar95/Typescript_Playwright_BDD_CucumberRunner,nodejs,0,0,0,TypeScript,False,2025-02-11T20:19:02Z,2025-05-15T13:52:21Z,"This repository contains end-to-end (E2E) tests using Playwright, Cucumber, and TypeScript. It follows the Behavior-Driven Development (BDD) approach using Gherkin syntax for writing human-readable test cases.",cache,d49199be72a86468cd41bdd0f7917c44689f2fd1,2,True
santoshbachar/cucumber-playwright,https://github.com/santoshbachar/cucumber-playwright,nodejs,0,0,0,TypeScript,False,2022-04-20T04:04:57Z,2022-04-20T04:05:00Z,,cache,5721e1159f2e466858ca28c637b3bf69dd62ec61,2,True
satchid/playwright-cucumber,https://github.com/satchid/playwright-cucumber,nodejs,0,0,0,TypeScript,False,2022-08-09T22:00:00Z,2022-08-09T22:36:01Z,,200,0bf2f53a182a9b4adc150ae9268290772fc148a8,1,False
sd576/Playwright_Cucumber,https://github.com/sd576/Playwright_Cucumber,nodejs,0,0,0,TypeScript,False,2023-10-05T11:47:19Z,2024-02-26T23:11:15Z,Playwright POM with Cucumber,cache,355cb3f82b684b32794ecc4e9e18a50adcfeaa91,1,True
seenav001/cucumberPlaywright,https://github.com/seenav001/cucumberPlaywright,nodejs,0,0,0,TypeScript,False,2024-08-15T06:17:55Z,2024-08-15T06:27:11Z,,200,89d2b8aa6b914366fed84087ca5848e30383024a,2,False
sethisandeepsethi/pw-cucumber,https://github.com/sethisandeepsethi/pw-cucumber,nodejs,0,0,0,TypeScript,False,2023-06-21T20:19:08Z,2023-09-22T11:38:03Z,,200,783c55ea78c9ba59755d80427513d959c0ef6627,5,False
shahbaz844/Playwright-cucumber,https://github.com/shahbaz844/Playwright-cucumber,nodejs,0,0,0,TypeScript,False,2024-11-18T11:26:03Z,2024-11-18T11:31:40Z,,cache,daa6eb897f2e095b1a6fce7705292546f8881a28,1,True
shashanksharmaer104/letcode-playwright-ts-cucumber,https://github.com/shashanksharmaer104/letcode-playwright-ts-cucumber,nodejs,0,0,0,TypeScript,False,2024-02-12T10:42:44Z,2024-02-21T07:22:51Z,letcode-playwright-ts-cucumber,cache,0d9910e1b9abc1bd54e46b7aed7cd72531d4ed21,4,True
shettysudhird/scrambler-ui-test,https://github.com/shettysudhird/scrambler-ui-test,nodejs,0,0,0,TypeScript,False,2024-12-09T03:14:28Z,2024-12-09T03:21:45Z,Playwright Cucumber Typescript Framework,200,73a26c369cb19bce96015183369f6093a0b8ae2c,1,False
shijithkannoth/Playwright_Cucumber,https://github.com/shijithkannoth/Playwright_Cucumber,nodejs,0,0,0,TypeScript,False,2024-06-12T11:16:13Z,2024-08-12T19:52:55Z,Automation Framework using Playwright Typescript and Cucumber,200,a4e0b48fd69148c59f908881d94787c070fe57df,1,False
snlopezlopez/playwright-cucumber,https://github.com/snlopezlopez/playwright-cucumber,nodejs,0,0,0,TypeScript,False,2024-05-27T15:46:20Z,2024-05-28T09:23:56Z,,cache,adf0d18b3b62fb80daba46a478a7d4d2d38fe012,1,True
soni26pro/Playwright-CucumberJS-Automation,https://github.com/soni26pro/Playwright-CucumberJS-Automation,nodejs,0,0,0,TypeScript,False,2024-05-14T14:52:44Z,2024-05-14T14:55:17Z,,200,a2d9b8765df0307a0c162c274ba9b19a589c8f9b,1,False
sridharbandi/playwright-cucumber,https://github.com/sridharbandi/playwright-cucumber,nodejs,0,0,0,TypeScript,False,2025-02-20T20:27:07Z,2025-02-20T20:35:29Z,,cache,edfa8e74d1e832ef875e235337b2381920eedc50,1,True
srinivasguda4444-wq/playwright-cucumber,https://github.com/srinivasguda4444-wq/playwright-cucumber,nodejs,0,0,0,TypeScript,False,2025-08-30T15:30:27Z,2025-08-31T13:14:57Z,define the Cucumber BDD scenarios in playwright,cache,37202192706ee3c3ff852ae210d8b4223068e99d,1,True
steerpike100/cucumber-playwright,https://github.com/steerpike100/cucumber-playwright,nodejs,0,0,0,TypeScript,False,2022-01-31T14:12:44Z,2022-01-31T14:12:47Z,,cache,cb7ac6bc749113b9ace39f9ec748d7b574803ca9,2,True
steven-the-qa/cucumber-playwright,https://github.com/steven-the-qa/cucumber-playwright,nodejs,0,0,0,TypeScript,False,2023-01-13T17:53:28Z,2023-01-13T17:53:32Z,"Thanks, Tally Barak!",cache,d97abaa38fc88e61886f84fd442b27e66dd62c2f,2,True
tdbaoquyen/SGW_Cucumber,https://github.com/tdbaoquyen/SGW_Cucumber,nodejs,0,0,0,TypeScript,False,2025-06-17T12:42:12Z,2025-06-22T07:43:28Z,,200,71845bb08b6f9c9441331066021dc05a426e0493,1,False
terletski/okNotesPW,https://github.com/terletski/okNotesPW,nodejs,0,0,0,TypeScript,False,2023-11-15T10:15:30Z,2023-11-19T17:06:51Z,Ok notes using Playwright + Cucumber,cache,1e402c904194db22ede6b3397af97da382b9e02a,1,True
tuananhkl/FirstAutomationTest,https://github.com/tuananhkl/FirstAutomationTest,nodejs,0,0,0,TypeScript,False,2024-01-24T08:32:25Z,2024-01-24T11:37:38Z,using Playwright and Cucumber,200,33cfab8710be534572c9b69d7d7354e4faca5b07,1,False
tullahnazari/cucumber-playwright,https://github.com/tullahnazari/cucumber-playwright,nodejs,0,0,0,TypeScript,False,2022-10-23T16:21:34Z,2022-10-23T16:22:58Z,,cache,5a040439be6dbf2a0dd6bf7642d5cd278432cd0d,2,True
uaka/TestTaskForVention,https://github.com/uaka/TestTaskForVention,nodejs,0,0,0,TypeScript,False,2025-05-13T15:15:32Z,2025-06-09T09:23:57Z,Cucumber + Playwright Test Framework,200,618962332ecac35f44a3ec5e42d667bbc00951cf,1,False
upex-galaxy/playwright-cucumber,https://github.com/upex-galaxy/playwright-cucumber,nodejs,0,0,0,TypeScript,False,2023-11-18T02:09:32Z,2024-03-18T19:08:02Z,✅ Repositorio EN EVALUACION de Playwright (Cucumber) en UPEX,cache,d4dddf4110dadd68da6d13da31ee3db32d9bd722,3,True
vaidasian/playwright-cucumberjs,https://github.com/vaidasian/playwright-cucumberjs,nodejs,0,0,0,TypeScript,False,2025-08-25T13:59:01Z,2025-08-25T13:59:06Z,,cache,cfca95165a0487d99f2ff3d1684985962e4f677d,1,True
vana84/CucumberWebPlaywright,https://github.com/vana84/CucumberWebPlaywright,nodejs,0,0,0,TypeScript,False,2022-03-10T23:49:57Z,2022-03-11T00:03:06Z,,200,6925fdf2426a0cc43161c6bc8550f152481da260,1,False
victorvijay1210/Playwright_Cucumber_TS,https://github.com/victorvijay1210/Playwright_Cucumber_TS,nodejs,0,0,0,TypeScript,False,2024-11-20T17:28:47Z,2024-11-20T17:46:04Z,Playwright ts with cucumber framework,200,ce2b5ada866896661bc7e3867d17835fbc6a9f3a,1,False
vikuliyana/Playwright-Cucumber,https://github.com/vikuliyana/Playwright-Cucumber,nodejs,0,0,0,TypeScript,False,2023-06-21T17:11:11Z,2023-07-30T16:43:51Z,,cache,ebf33d003280f8d362450b4efe59b4a63f7e7c0f,1,True
vinaykumarvvs/sample-playwright-cucumber-framework,https://github.com/vinaykumarvvs/sample-playwright-cucumber-framework,nodejs,0,0,0,TypeScript,False,2024-01-23T07:07:49Z,2024-03-15T13:19:34Z,Sample Playwright Cucumber Framework,cache,54e94ed330fa8d1d30abc24e41b052822bd42fee,2,True
wavcita/cucumber,https://github.com/wavcita/cucumber,nodejs,0,0,0,TypeScript,False,2023-04-03T03:08:31Z,2023-04-04T02:43:05Z,,200,c525efe7f340c922eefc8e1474fd746cb0e3e8b7,1,False
xjc90s/cucumber-playwright,https://github.com/xjc90s/cucumber-playwright,nodejs,0,0,28,TypeScript,False,2023-05-12T17:21:37Z,2026-06-30T01:53:06Z,cucumber playwright,cache,16aa879666411b2bb3ae08e4e7535c7e3d0c32ed,2,True
yaffol/cucumber-playwright,https://github.com/yaffol/cucumber-playwright,nodejs,0,0,0,TypeScript,False,2022-09-23T12:41:01Z,2022-09-23T12:41:05Z,Testing cucumber/playwright integration,cache,9e4b255a24fa8567483f0232b27b80cb84e9e1bf,2,True
yikerz/CucumberTestWithPlaywright,https://github.com/yikerz/CucumberTestWithPlaywright,nodejs,0,0,0,TypeScript,False,2023-11-19T23:42:57Z,2023-11-20T06:08:53Z,,cache,be0694dd74f0fe734a57b3620bf7cbd2c568906a,1,True
yvonnekw/contact-list-serenity-playwright,https://github.com/yvonnekw/contact-list-serenity-playwright,nodejs,0,0,1,TypeScript,False,2023-09-11T06:26:42Z,2023-09-25T16:10:27Z,"Using serenity playwrite, cucumber typescript",cache,42db9b7e78b956bd89999bdf38f00930bcb2883f,3,True
zhmajewska/playwright-cucumber,https://github.com/zhmajewska/playwright-cucumber,nodejs,0,0,0,TypeScript,False,2025-08-21T08:46:02Z,2025-09-09T09:24:45Z,,200,9c32bfecb754016b19e12b1d3f1c4a79dce1be80,1,False
